<?xml version="1.0" encoding="UTF-8"?>
<!DOCTYPE mapper PUBLIC "-//mybatis.org//DTD Mapper 3.0//EN" "http://mybatis.org/dtd/mybatis-3-mapper.dtd">

<mapper namespace="com.th.system.dao.SysDetectionTypeMapper">
  <resultMap id="BaseMap" type="com.th.system.po.SysDetectionType">
    <id column="detectionTypeId" property="detectionTypeId" />
    <result column="detectionTypeName" property="detectionTypeName" />
    <result column="isUsable" property="isUsable" />
  </resultMap>
	
  <sql id="Base_List">
    detectionTypeId, detectionTypeName, isUsable
  </sql>
  
   <select id="findAll" resultMap="BaseMap">
		select <include refid="Base_List" /> from sys_detectionType
   </select>
  
   <insert id="insertDetection" parameterType="java.lang.String">
    insert into sys_detectionType
    <trim prefix="(" suffix=")" suffixOverrides=",">
      <if test="detectionTypeName != null">
        detectionTypeName,
      </if>
      <if test="isUsable != null">
        isUsable,
      </if>
    </trim>
    <trim prefix="values(" suffix=")" suffixOverrides=",">
      <if test="detectionTypeName != null">
        #{detectionTypeName,jdbcType=VARCHAR},
      </if>
      <if test="isUsable != null">
        #{isUsable,jdbcType=VARCHAR},
      </if>
    </trim>
  </insert>

</mapper>