<?xml version="1.0" encoding="UTF-8"?>
<!DOCTYPE mapper PUBLIC "-//mybatis.org//DTD Mapper 3.0//EN" "http://mybatis.org/dtd/mybatis-3-mapper.dtd">

<mapper namespace="com.th.system.dao.SysFocussingMapper">
  <resultMap id="BaseMap" type="com.th.system.po.SysFocussing">
    <id column="focussingId" property="focussingId" />
    <result column="factorId" property="factorId" />
    <result column="focussingType" property="focussingType" />
    <result column="focussingMode" property="focussingMode" />
    <result column="state" property="state" />
    <result column="daysStartTime" property="daysStartTime" />
    <result column="daysEndTime" property="daysEndTime" />
    <result column="weekStartTime" property="weekStartTime" />
    <result column="weekEndTime" property="weekEndTime" />
    <result column="monthStartTime" property="monthStartTime" />
    <result column="monthEndTime" property="monthEndTime" />
    <result column="userId" property="userId" />
    <result column="weekStart" property="weekStart" />
    <result column="weekEnd" property="weekEnd" />
  </resultMap>
	
  <sql id="Base_List">
    f.focussingId, f.factorId, f.focussingType, 
	f.focussingMode,f.state,f.daysStartTime
    ,f.daysEndTime,f.weekStartTime,f.weekEndTime,
	f.monthStartTime,f.monthEndTime,f.userId,s.factorName,f.weekStart,f.weekEnd
  </sql>

  
  <select id="findUserFocussing" resultType="com.th.system.vo.SysFocussingVo">
			select <include refid="Base_List" /> from 
			sys_focussing as f
			inner join sys_factor as s
			on f.factorId = s.factorId
			<if test="userid != null">
		      and  f.userId = #{userid}
		    </if>
		    LIMIT #{page},#{limit}
  </select>
  
   <select id="findFocussing" resultType="com.th.system.vo.SysFocussingVo">
			select <include refid="Base_List" /> from 
			sys_focussing as f
			inner join sys_factor as s
			on f.factorId = s.factorId
			and  f.focussingId = #{focussingId}
  </select>
  
   <update id="updateFocussing" parameterType="com.th.system.po.SysFocussing">
        update sys_focussing
        <set>
            <if test="factorId != null">`factorId` = #{factorId},</if>
            <if test="focussingType != null">`focussingType` = #{focussingType},</if>
            <if test="focussingMode != null">focussingMode = #{focussingMode},</if>
            <if test="state != null">`state` = #{state},</if>
            <if test="daysStartTime != null">`daysStartTime` = #{daysStartTime},</if>
            <if test="daysEndTime != null">`daysEndTime` = #{daysEndTime},</if>
            <if test="weekStartTime != null">`weekStartTime` = #{weekStartTime},</if>
            <if test="weekEndTime != null">`weekEndTime` = #{weekEndTime},</if>
            <if test="monthStartTime != null">`monthStartTime` = #{monthStartTime},</if>
            <if test="monthEndTime != null">`monthEndTime` = #{monthEndTime},</if>
            <if test="weekStart != null">`weekStart` = #{weekStart},</if>
            <if test="weekEnd != null">`weekEnd` = #{weekEnd},</if>
        </set>
        where focussingId = #{focussingId}
  </update>
  
   <delete id="delFocussing">
  	DELETE from sys_focussing
  	where focussingId = #{focussingId}
  </delete>
  
  <insert id="insertFocussing" parameterType="com.th.system.po.SysFocussing">
    insert into sys_focussing
    <trim prefix="(" suffix=")" suffixOverrides=",">
      <if test="factorId != null">
        factorId,
      </if>
       <if test="focussingType != null">
        focussingType,
      </if>
      <if test="focussingMode != null">
        focussingMode,
      </if>     
      <if test="state != null">
        state,
      </if>
      <if test="daysStartTime != null">
        daysStartTime,
      </if>
      <if test="daysEndTime != null">
        daysEndTime,
      </if>
      <if test="weekStartTime != null">
        weekStartTime,
      </if>
      <if test="weekEndTime != null">
        weekEndTime,
      </if>
      <if test="monthStartTime != null">
        monthStartTime,
      </if>
      <if test="monthEndTime != null">
        monthEndTime,
      </if>
      <if test="userId != null">
        userId,
      </if>
       <if test="weekStart != null">
        weekStart,
      </if>
       <if test="weekEnd != null">
        weekEnd,
      </if>
    </trim>
    <trim prefix="values(" suffix=")" suffixOverrides=",">
      <if test="factorId != null">
        #{factorId},
      </if> 
      <if test="focussingType != null">
        #{focussingType},
      </if> 
      <if test="focussingMode != null">
        #{focussingMode},
      </if>
      <if test="state != null">
        #{state},
      </if>
      <if test="daysStartTime != null">
        #{daysStartTime},
      </if>
      <if test="daysEndTime != null">
        #{daysEndTime},
      </if>
      <if test="weekStartTime != null">
        #{weekStartTime},
      </if>
       <if test="weekEndTime != null">
        #{weekEndTime},
      </if>
       <if test="monthStartTime != null">
        #{monthStartTime},
      </if>
       <if test="monthEndTime != null">
        #{monthEndTime},
      </if>
       <if test="userId != null">
        #{userId},
      </if>
      <if test="weekStart != null">
        #{weekStart},
      </if>
      <if test="weekEnd != null">
        #{weekEnd},
      </if>
    </trim>
  </insert>

</mapper>