<?xml version="1.0" encoding="UTF-8"?>
<!DOCTYPE mapper PUBLIC "-//mybatis.org//DTD Mapper 3.0//EN" "http://mybatis.org/dtd/mybatis-3-mapper.dtd">

<mapper namespace="com.th.system.dao.SysModelTypeMapper">
  <resultMap id="BaseMap" type="com.th.system.po.SysModelType">
    <result column="modelId" property="modelId" />
    <result column="detectionTypeId" property="detectionTypeId" />
  </resultMap>

  <sql id="Base_List">
    modelId,detectionTypeId
  </sql>
  
  
  <insert id="insertModelType" >
    insert into sys_model_detectionType
    <trim prefix="(" suffix=")" suffixOverrides=",">
      <if test="modelId != null">
        modelId,
      </if>
      <if test="detectionTypeId != null">
        detectionTypeId,
      </if>
    </trim>
    <trim prefix="values(" suffix=")" suffixOverrides=",">
      <if test="modelId != null">
        #{modelId},
      </if>
      <if test="detectionTypeId != null">
        #{detectionTypeId},
      </if> 
    </trim>
  </insert>

</mapper>