<?xml version="1.0" encoding="UTF-8"?>
<!DOCTYPE mapper PUBLIC "-//mybatis.org//DTD Mapper 3.0//EN" "http://mybatis.org/dtd/mybatis-3-mapper.dtd">

<mapper namespace="com.th.system.dao.SysModelAndDetectionFacilityMapper">
  <resultMap id="BaseMap" type="com.th.system.po.SysModelAndDetectionFacility">
    <result column="detectionFacilityId" property="detectionFacilityId" />
    <result column="modelId" property="modelId" />
  </resultMap>

  <sql id="Base_List">
    detectionFacilityId, modelId
  </sql>
  
  <insert id="insert" parameterType="com.th.system.po.SysModelAndDetectionFacility">
    insert into sys_modelanddetectionfacility
    <trim prefix="(" suffix=")" suffixOverrides=",">
      <if test="detectionFacilityId != null">
        detectionFacilityId,
      </if>
      <if test="modelId != null">
        modelId,
      </if>
    </trim>
    <trim prefix="values(" suffix=")" suffixOverrides=",">
      <if test="detectionFacilityId != null">
        #{detectionFacilityId},
      </if>
      <if test="modelId != null">
        #{modelId},
      </if>
    </trim>
  </insert>

</mapper>