<?xml version="1.0" encoding="UTF-8"?>
<!DOCTYPE mapper PUBLIC "-//mybatis.org//DTD Mapper 3.0//EN" "http://mybatis.org/dtd/mybatis-3-mapper.dtd">

<mapper namespace="com.th.system.dao.SysModelNumberMapper">
  <resultMap id="BaseMap" type="com.th.system.po.SysModelNumber">
    <id column="modelNumberId" property="modelNumberId" />
    <result column="modelNumberName" property="modelNumberName" />
    <result column="typeId" property="typeId" />
  </resultMap>
	
  <sql id="Base_List">
    modelNumberId,modelNumberName
  </sql>
  
   <select id="findAll" resultMap="BaseMap">
		select <include refid="Base_List" /> from sys_modelNumber
		where typeId = #{typeId}
   </select>
  
   <insert id="insertSysModelNumber">
    insert into sys_modelNumber
    <trim prefix="(" suffix=")" suffixOverrides=",">
      <if test="modelNumberName != null">
        modelNumberName,
      </if>
      <if test="typeId != null">
        typeId,
      </if>
    </trim>
    <trim prefix="values(" suffix=")" suffixOverrides=",">
      <if test="modelNumberName != null">
        #{modelNumberName},
      </if>
      <if test="typeId != null">
        #{typeId},
      </if>
    </trim>
  </insert>

</mapper>