<?xml version="1.0" encoding="UTF-8"?>
<!DOCTYPE mapper PUBLIC "-//mybatis.org//DTD Mapper 3.0//EN" "http://mybatis.org/dtd/mybatis-3-mapper.dtd">

<mapper namespace="com.th.system.dao.SysModelAndTypeMapper">
  <resultMap id="BaseMap" type="com.th.system.po.SysModelAndType">
    <result column="typeId" property="typeId" />
    <result column="modelId" property="modelId" />
  </resultMap>

  <sql id="Base_List">
    typeId, modelId
  </sql>
  
   <select id="fineByModleId" resultType="com.th.system.po.SysType">
		select t.typeId as typeId,t.typeName as typeName from 
		sys_modelandtype as m
		inner join sys_type as t
		on m.typeId = t.typeId
		and m.modelId = #{modelId}
  </select>

  <insert id="insert" parameterType="com.th.system.po.SysModelAndType">
    insert into sys_modelandtype
    <trim prefix="(" suffix=")" suffixOverrides=",">
      <if test="typeId != null">
        typeId,
      </if>
      <if test="modelId != null">
        modelId,
      </if>
    </trim>
    <trim prefix="values(" suffix=")" suffixOverrides=",">
      <if test="typeId != null">
        #{typeId},
      </if>
      <if test="modelId != null">
        #{modelId},
      </if>
    </trim>
  </insert>

</mapper>