<?xml version="1.0" encoding="UTF-8"?>
<!DOCTYPE mapper PUBLIC "-//mybatis.org//DTD Mapper 3.0//EN" "http://mybatis.org/dtd/mybatis-3-mapper.dtd">

<mapper namespace="com.th.system.dao.SysPathlistMapper">
  <resultMap id="BaseMap" type="com.th.system.po.SysPathlist">
    <id column="pictureId" property="pictureId" />
    <result column="pictureName" property="pictureName" />
    <result column="picturePath" property="picturePath" />
  </resultMap>

  <sql id="Base_List">
    pictureId, pictureName, picturePath
  </sql>
  
   <select id="showPictureId" resultType="java.lang.String" parameterType="java.lang.String">
		select pictureId from sys_pathlist
		where picturePath = #{size}
  </select>
  
  <insert id="insertPath" parameterType="com.th.system.po.SysPathlist">
    insert into sys_pathlist
    <trim prefix="(" suffix=")" suffixOverrides=",">
      <if test="pictureName != null">
        pictureName,
      </if>
       <if test="picturePath != null">
        picturePath,
      </if>
    </trim>
    <trim prefix="values(" suffix=")" suffixOverrides=",">
      <if test="pictureName != null">
        #{pictureName},
      </if> 
      <if test="picturePath != null">
        #{picturePath},
      </if>
    </trim>
  </insert>

</mapper>