<?xml version="1.0" encoding="UTF-8"?>
<!DOCTYPE mapper PUBLIC "-//mybatis.org//DTD Mapper 3.0//EN" "http://mybatis.org/dtd/mybatis-3-mapper.dtd">

<mapper namespace="com.th.system.dao.SysStrategyMapper">
  <resultMap id="BaseMap" type="com.th.system.po.SysStrategy">
    <id column="strategyId" property="strategyId" />
    <result column="strategyName" property="strategyName" />
    <result column="modelId" property="modelId" />
    <result column="way" property="way" />
    <result column="cycle" property="cycle" />
    <result column="startTime" property="startTime" />
    <result column="endTime" property="endTime" />
    <result column="describe" property="describe" />
  </resultMap>
	
  <sql id="Base_List">
    strategyId, strategyName, modelId, way,cycle,startTime,endTime,`describe`
  </sql>
  
   <select id="findByStrategyId" resultMap="BaseMap">
		select <include refid="Base_List" /> from sys_strategy 
		where strategyId = #{strategyId}
  </select>
  
  <delete id="delStrategy" parameterType="java.lang.Integer">
  	DELETE from sys_strategy
  	where strategyId = #{strategyId}
  </delete>
  
  <update id="updateStrategy" parameterType="com.th.system.po.SysStrategy">
        update sys_strategy
        <set>
            <if test="strategyName != null">`strategyName` = #{strategyName},</if>
            <if test="way != null">`way` = #{way},</if>
            <if test="cycle != null">`cycle` = #{cycle},</if>
            <if test="startTime != null">`startTime` = #{startTime},</if>
            <if test="endTime != null">`endTime` = #{endTime},</if>
            <if test="describe != null">`describe` = #{describe},</if>
        </set>
        where strategyId = #{strategyId}
  </update>
  
   <select id="findByModelId" resultMap="BaseMap">
		select <include refid="Base_List" /> from sys_strategy 
		where modelId = #{modelId}
		<if test="val != null">LIMIT #{page},#{limit}</if>
  </select>
  
   <insert id="insertStrategy" parameterType="com.th.system.po.SysStrategy">
    insert into sys_strategy
    <trim prefix="(" suffix=")" suffixOverrides=",">
      <if test="strategyName != null">
        strategyName,
      </if>
       <if test="modelId != null">
        modelId,
      </if>
      <if test="way != null">
        way,
      </if>     
      <if test="cycle != null">
        cycle,
      </if>
       <if test="startTime != null">
        `startTime`,
      </if>
      <if test="endTime != null">
        `endTime`,
      </if>
      <if test="describe != null">
        `describe`,
      </if>
    </trim>
    <trim prefix="values(" suffix=")" suffixOverrides=",">
      <if test="strategyName != null">
        #{strategyName},
      </if> 
      <if test="modelId != null">
        #{modelId},
      </if> 
      <if test="way != null">
        #{way},
      </if>
      <if test="cycle != null">
        #{cycle},
      </if>
       <if test="startTime != null">
        #{startTime},
      </if>
      <if test="endTime != null">
        #{endTime},
      </if>
      <if test="describe != null">
        #{describe},
      </if>
    </trim>
  </insert>
  
</mapper>