<?xml version="1.0" encoding="UTF-8"?>
<!DOCTYPE mapper PUBLIC "-//mybatis.org//DTD Mapper 3.0//EN" "http://mybatis.org/dtd/mybatis-3-mapper.dtd">

<mapper namespace="com.th.system.dao.SysUnitsMapper">
  <resultMap id="BaseMap" type="com.th.system.po.SysUnits">
    <id column="unitsId" property="unitsId" />
    <result column="unit" property="unit" />
    <result column="unitName" property="unitName" />
    <result column="factorId" property="factorId" />
  </resultMap>
	
  <sql id="Base_List">
    unitsId, unit, unitName, factorId
  </sql>

  <select id="findByfactorId" resultMap="BaseMap">
		select <include refid="Base_List" /> from sys_units 
		<where>
			<if test="factorId != null">
		      factorId = #{factorId}
		   </if>
		</where>
   </select>

</mapper>